Employee,Position,Hourly rate,Monday in,Monday out,Tuesday in,Tuesday out,Wednesday in,Wednesday out,Thursday in,Thursday out,Friday in,Friday out,Saturday in,Saturday out,Sunday in,Sunday out
Maria Lopez,Server,12.50,11:00,16:00,11:00,16:00,,,16:00,23:00,16:00,23:00,16:00,23:30,,
Jake Chen,Line cook,19.00,,,10:00,18:00,10:00,18:00,10:00,18:00,15:00,23:00,15:00,23:00,,
Leo Martins,Bartender,14.00,,,,,17:00,01:00,17:00,01:00,17:00,02:00,17:00,02:00,12:00,20:00
,,,,,,,,,,,,,,,,
,,,,,,,,,,,,,,,,
,,,,,,,,,,,,,,,,
,,,,,,,,,,,,,,,,
,,,,,,,,,,,,,,,,
,,,,,,,,,,,,,,,,
,,,,,,,,,,,,,,,,
